{
  "model_type": "ridge_wpa",
  "season": 2024,
  "n_decisions": 15121,
  "numeric_features": [
    "inning",
    "leverage",
    "run_diff",
    "late_inning"
  ],
  "dummy_columns": [
    "dt_defensive_shift",
    "dt_intentional_walk",
    "dt_mound_visit",
    "dt_pinch_hitter",
    "dt_pitching_change",
    "dt_pitchout",
    "dt_sacrifice_bunt",
    "dt_stolen_base"
  ],
  "feature_names": [
    "inning",
    "leverage",
    "run_diff",
    "late_inning",
    "dt_defensive_shift",
    "dt_intentional_walk",
    "dt_mound_visit",
    "dt_pinch_hitter",
    "dt_pitching_change",
    "dt_pitchout",
    "dt_sacrifice_bunt",
    "dt_stolen_base"
  ],
  "scaler_mean": [
    4.99675947357979,
    1.518322200912638,
    3.599431254546657,
    0.33126115997619204
  ],
  "scaler_scale": [
    2.567401585973165,
    0.4777946227098563,
    2.789850414191032,
    0.4706667652038115
  ],
  "coef": [
    -0.0006193821575143523,
    -0.00036750284567246025,
    -0.0002920889418748364,
    0.0013991251686885891,
    0.0018486746726595732,
    -0.00013312765436362717,
    0.0006899315673530549,
    -0.0006077652009308558,
    0.001079898911161303,
    -0.00019800443234973544,
    -0.002555556496913841,
    -0.00012405136658254418
  ],
  "intercept": 2.6490139090127246e-05,
  "wpa_mean": 0.00013577342768335415,
  "wpa_std": 0.06392470716484114,
  "train_rmse": 0.06390955197069706,
  "optimal_baseline": 0.06768
}