{
  "season": 2024,
  "n_decisions": 12502,
  "features": [
    "inning",
    "leverage",
    "run_diff",
    "late_inning"
  ],
  "scaler_mean": [
    5.006558950567909,
    1.5721348584226524,
    2.96872500399936,
    0.335946248600224
  ],
  "scaler_scale": [
    2.5799868139528632,
    0.48001014165590417,
    2.381351377815454,
    0.47232019504956646
  ],
  "coef": [
    [
      0.009184831065420295,
      0.06559168588323767,
      0.031450767536338145,
      -0.04645714947317794
    ]
  ],
  "intercept": [
    -0.026031551437523014
  ],
  "wpa_mean": -0.0005716805311150215,
  "wpa_std": 0.06623606046327371,
  "optimal_baseline": 0.06992000000000001
}